chi,delta_chi
13.897888516354358,0.1193316305733178
28.187635724066897,0.357450629595485
46.71487622845057,0.7549329065263811
68.28421155425167,1.5999120656386554
